id,title,locality,property_type,price,area_sqft,bedrooms,amenities,listing_class,listing_mode,price_period
"101","Skyline 3BHK","MVP Colony","Apartment",9200000,1540,3,"Parking|Gym|Security","ResidentialListing","BUY","ONE_TIME"
"102","Sea Breeze 2BHK","MVP Colony","Apartment",6800000,1180,2,"Parking|Security","ResidentialListing","BUY","ONE_TIME"
"103","Palm Grove Villa","Rushikonda","Villa",13500000,2480,4,"Pool|Parking|Garden|Security","ResidentialListing","BUY","ONE_TIME"
"104","Coastal View Flat","Rushikonda","Apartment",7900000,1320,2,"Pool|Parking|Security","ResidentialListing","BUY","ONE_TIME"
"105","Harbor Heights","Dwaraka Nagar","Apartment",6100000,1060,2,"Parking|Gym","ResidentialListing","BUY","ONE_TIME"
"106","Central Park Home","Dwaraka Nagar","Apartment",8400000,1450,3,"Parking|Gym|Security","ResidentialListing","BUY","ONE_TIME"
"107","Green Valley Home","Madhurawada","Villa",11200000,2180,4,"Parking|Garden|Security","ResidentialListing","BUY","ONE_TIME"
"108","Tech Corridor 2BHK","Madhurawada","Apartment",5900000,1040,2,"Parking|Security","ResidentialListing","BUY","ONE_TIME"
"109","Hilltop Residence","Yendada","Villa",14800000,2660,4,"Pool|Parking|Garden|Gym","ResidentialListing","BUY","ONE_TIME"
"110","Sunset 3BHK","Yendada","Apartment",8900000,1520,3,"Pool|Parking|Security","ResidentialListing","BUY","ONE_TIME"
"111","Lakefront Apartment","PM Palem","Apartment",7200000,1260,2,"Parking|Garden","ResidentialListing","BUY","ONE_TIME"
"112","Family Nest","PM Palem","Apartment",8150000,1400,3,"Parking|Security|Gym","ResidentialListing","BUY","ONE_TIME"
"113","Retail Corner","Dwaraka Nagar","Commercial",15800000,3100,0,"Parking|Security|Power Backup","CommercialListing","BUY","ONE_TIME"
"114","Office Hub","Madhurawada","Commercial",12600000,2750,0,"Parking|Power Backup|Security","CommercialListing","BUY","ONE_TIME"
"115","Beachside Cafe Space","Rushikonda","Commercial",17800000,3400,0,"Parking|Power Backup|Garden","CommercialListing","BUY","ONE_TIME"
"116","Budget Starter","Madhurawada","Apartment",4800000,860,1,"Parking","ResidentialListing","BUY","ONE_TIME"
"117","Urban Nest","MVP Colony","Apartment",10100000,1680,3,"Parking|Gym|Security|Garden","ResidentialListing","BUY","ONE_TIME"
"118","Ocean Crest","Yendada","Apartment",10900000,1780,3,"Pool|Parking|Security","ResidentialListing","BUY","ONE_TIME"
"119","Garden Court","PM Palem","Villa",11800000,2150,4,"Parking|Garden|Security","ResidentialListing","BUY","ONE_TIME"
"120","Compact Comfort","Dwaraka Nagar","Apartment",5600000,980,2,"Parking|Security","ResidentialListing","BUY","ONE_TIME"
"121","Seethammadhara Heights","Seethammadhara","Apartment",7600000,1250,2,"Parking|Security|Gym","ResidentialListing","BUY","ONE_TIME"
"122","Seethammadhara Family Home","Seethammadhara","Apartment",10400000,1680,3,"Parking|Garden|Security","ResidentialListing","BUY","ONE_TIME"
"123","Akkayyapalem Urban Flat","Akkayyapalem","Apartment",6300000,1120,2,"Parking|Security","ResidentialListing","BUY","ONE_TIME"
"124","Akkayyapalem Corner Home","Akkayyapalem","Villa",11800000,2050,4,"Parking|Garden|Security","ResidentialListing","BUY","ONE_TIME"
"125","Kancharapalem Comfort","Kancharapalem","Apartment",5400000,980,2,"Parking|Security","ResidentialListing","BUY","ONE_TIME"
"126","Kancharapalem Family Flat","Kancharapalem","Apartment",7100000,1320,3,"Parking|Gym|Security","ResidentialListing","BUY","ONE_TIME"
"127","Gajuwaka Business Home","Gajuwaka","Apartment",5900000,1180,2,"Parking|Power Backup|Security","ResidentialListing","BUY","ONE_TIME"
"128","Gajuwaka Trade Hub","Gajuwaka","Commercial",13200000,2900,0,"Parking|Power Backup|Security","CommercialListing","BUY","ONE_TIME"
"129","Pendurthi Green Home","Pendurthi","Villa",8800000,1900,3,"Parking|Garden|Security","ResidentialListing","BUY","ONE_TIME"
"130","Pendurthi Budget Flat","Pendurthi","Apartment",4700000,920,2,"Parking|Security","ResidentialListing","BUY","ONE_TIME"
"131","Sujatha Nagar Residence","Sujatha Nagar","Apartment",6700000,1210,2,"Parking|Security|Gym","ResidentialListing","BUY","ONE_TIME"
"132","Sujatha Nagar Premium","Sujatha Nagar","Apartment",9800000,1580,3,"Parking|Garden|Security","ResidentialListing","BUY","ONE_TIME"
"201","Harbor View 2BHK","MVP Colony","Apartment",28000,1180,2,"Parking|Security","ResidentialListing","RENT","MONTHLY"
"202","Green Park 3BHK","Dwaraka Nagar","Apartment",32000,1450,3,"Parking|Gym|Security","ResidentialListing","RENT","MONTHLY"
"203","Rushikonda Sea View","Rushikonda","Apartment",38000,1320,2,"Pool|Parking|Security","ResidentialListing","RENT","MONTHLY"
"204","Palm Court Villa","PM Palem","Villa",42000,2150,4,"Parking|Garden|Security","ResidentialListing","RENT","MONTHLY"
"205","Yendada Family Home","Yendada","Apartment",30000,1520,3,"Parking|Security","ResidentialListing","RENT","MONTHLY"
"206","Madhurawada Tech Home","Madhurawada","Apartment",24000,1040,2,"Parking|Security","ResidentialListing","RENT","MONTHLY"
"207","Seethammadhara City Rent","Seethammadhara","Apartment",29000,1210,2,"Parking|Security","ResidentialListing","RENT","MONTHLY"
"208","Akkayyapalem Family Rent","Akkayyapalem","Apartment",27000,1180,2,"Parking|Security","ResidentialListing","RENT","MONTHLY"
"209","Kancharapalem Urban Rent","Kancharapalem","Apartment",23000,980,2,"Parking|Security","ResidentialListing","RENT","MONTHLY"
"210","Gajuwaka Workday Home","Gajuwaka","Apartment",25000,1080,2,"Parking|Power Backup","ResidentialListing","RENT","MONTHLY"
"211","Pendurthi Garden Rent","Pendurthi","Apartment",22000,1150,2,"Parking|Garden","ResidentialListing","RENT","MONTHLY"
"212","Sujatha Nagar Family Rent","Sujatha Nagar","Apartment",26000,1260,3,"Parking|Security","ResidentialListing","RENT","MONTHLY"
"901","Showcase Seller Â· MVP Residency","MVP Colony","Apartment",7800000,1280,2,"Parking|Security|Gym","ResidentialListing","BUY","ONE_TIME"
"902","Showcase Seller Â· Rushikonda View","Rushikonda","Apartment",12400000,1920,3,"Parking|Pool|Security","ResidentialListing","BUY","ONE_TIME"
"903","Showcase Seller Â· Madhurawada Tech Home","Madhurawada","Apartment",6500000,1120,2,"Parking|Security","ResidentialListing","BUY","ONE_TIME"
"904","Showcase Seller Â· Yendada Garden Home","Yendada","Villa",9800000,1540,3,"Parking|Garden|Security","ResidentialListing","BUY","ONE_TIME"
"905","Showcase Seller Â· Dwaraka Central Flat","Dwaraka Nagar","Apartment",7200000,1250,2,"Parking|Gym|Security","ResidentialListing","BUY","ONE_TIME"
"906","Showcase Seller Â· PM Palem Rental","PM Palem","Apartment",26000,1200,2,"Parking|Security","ResidentialListing","RENT","MONTHLY"
