id,estimated_price
101,8999296.18
102,7133234.26
103,13972187.37
104,8565683.01
105,6208976.27
106,8207804.78
107,11036670.09
108,5718676.79
109,14761285.93
110,9443292.63
111,7343459.82
112,8235900.07
113,15509967.33
114,13559235.33
115,17770833.36
116,4649214.42
117,9891736.43
118,10593936.42
119,11555064.86
120,5854932.03
121,8022693.42
122,9925681.23
123,6843128.94
124,11231756.10
125,5382316.49
126,7159867.34
127,5794930.66
128,13406881.91
129,9101069.08
130,4491164.27
131,7422391.21
132,9059845.84
901,7848652.39
902,11221014.84
903,6072721.03
904,9531803.69
905,7322694.17
